<!--
  Create's implementation of turtlebot's mobile base.
 -->
<launch>
  <arg name="serialport"/>
  <arg name="manager" default="none" /><!-- necessary parameter, but manager not actually needed for create base-->
  
  <!-- Turtlebot Driver -->
  <node pkg="create_node" type="turtlebot_node.py" name="turtlebot_node" respawn="true" args="--respawnable">
    <param name="bonus" value="false" />
    <param name="update_rate" value="30.0" />
    <param name="port" value="$(arg serialport)" />
    <remap from="cmd_vel" to="mobile_base/commands/velocity" />
    <remap from="turtlebot_node/sensor_state" to="mobile_base/sensors/core" />
    <remap from="imu/data" to="mobile_base/sensors/imu_data" />
    <remap from="imu/raw" to="mobile_base/sensors/imu_data_raw" />
  </node>

  <!-- Enable breaker 1 for the kinect -->
  <node pkg="create_node" type="kinect_breaker_enabler.py" name="kinect_breaker_enabler"/>

  <!-- Load create and gyro calibration  -->
  <node pkg="create_node" type="load_calib.py" name="create_load_calibration">
    <remap from="cmd_vel" to="mobile_base/commands/velocity" />
  </node>
</launch>
